PDB ID,Allele,Supertype,Peptide Length,Peptide Sequence,HLA Mutation,Resolution (Angstroms),Anchor Class,Backbone Conformation,Publication Year
1K5N,HLA-B*27:09,B27,9,GRFAAAIAK,NA,1.09,7,6,2002
6PYW,HLA-B*27:05,B27,9,LRNQSVFNF,A60W,1.38,7,27,2019
4QRS,HLA-B*08:01,B08,9,ELKRKMIYM,NA,1.4,7,3,2014
5IB2,HLA-B*27:05,B27,9,RRKWRRWHL,NA,1.44,7,62,2017
2V2X,HLA-A*02:01,A02,9,SLFNTVATL,NA,1.6,7,44,2007
7UM2,HLA-A*02:01,A02,9,TIADYNYKL,NA,1.63,7,74,2023
5E00,HLA-A*02:01,A02,9,GVWIRTPPA,NA,1.7,7,1,2017
7P4B,HLA-E*01:03,NA,9,IMYNYPAML,NA,1.72,7,64,2022
4U1S,HLA-B*81:01,B07,9,FPRPWLHGL,NA,1.76,7,56,2015
3FQT,HLA-A*02:01,A02,9,GLLGSPVRA,NA,1.8,7,15,2009
4O2C,HLA-B*39:01,B27,9,SHVAVENAL,NA,1.8,7,17,2014
3BXN,HLA-B*14:02,B27,9,IRAAPPPLF,NA,1.86,7,2,2009
5MER,HLA-A*02:01,A02,9,ILAKFLHEL,NA,1.88,7,1,2016
3FT4,HLA-A*02:01,A02,9,VLRDDLLEA,NA,1.9,7,1,2009
3GSR,HLA-A*02:01,A02,9,NLVPVVATV,NA,1.95,7,1,2009
5VWJ,HLA-B*58:01,B58,9,LTVQVARVW,NA,2.0,7,6,2018
6Z9V,HLA-A*02:01,A02,9,IIGWMWIPV,NA,2.01,7,14,2021
4U1K,HLA-B*07:02,B07,9,RPQVPLRPM,NA,2.09,7,2,2015
2X4U,HLA-A*02:01,A02,9,ILKEPVHGV,NA,2.1,7,31,2010
3X11,HLA-B*57:08,B58,9,LSSPVTKSF,"N80I,R82L,G83P",2.15,7,6,2014
1T21,HLA-A*02:01,A02,9,SLYNTVATL,NA,2.19,7,38,2005
6SS8,HLA-A*02:01,A02,9,LLWNGPIAV,NA,2.24,7,4,2020
2BSR,HLA-B*27:09,B27,9,RRIYDLIEL,N116H,2.3,7,11,2005
6VIU,HLA-B*15:02,B62,9,TVAASGHSY,NA,2.33,7,2,2020
3L3J,HLA-B*44:02,B44,9,EEAGAAFSF,NA,2.4,7,15,2010
5F9J,HLA-A*02:01,A02,9,YLSPIASPL,NA,2.51,7,5,2016
2X4S,HLA-A*02:01,A02,9,AMDSNTLEL,NA,2.55,7,6,2010
5VGE,HLA-C*07:02,NA,9,RYRPGTVAL,NA,2.6,7,75,2017
3AM8,HLA-E*01:01,NA,9,VMGPRTLIL,NA,2.8,7,10,2011
3MRE,HLA-A*02:01,A02,9,GLCTLVAML,NA,1.1,7,20,2011
7KGP,HLA-A*02:01,A02,9,GMSRIGMEV,NA,1.4,7,21,2021
1UXS,HLA-B*27:05,B27,9,RRRWRRLTV,NA,1.55,7,3,2004
7KGS,HLA-A*02:01,A02,9,ALNTPKDHI,NA,1.58,7,55,2021
4LCY,HLA-B*46:01,B62,9,FTMRLLSPV,NA,1.6,7,8,2014
5N6B,HLA-A*02:01,A02,9,LLWNGPMAV,NA,1.71,7,4,2017
6VB1,HLA-B*15:02,B62,9,ELRAREEAY,NA,1.75,7,8,2020
3BP7,HLA-B*27:09,B27,9,IRAAPPPLF,NA,1.8,7,2,2008
3GSU,HLA-A*02:01,A02,9,NLVPTVATV,NA,1.8,7,1,2009
3MRC,HLA-A*02:01,A02,9,NLVPMCATV,NA,1.8,7,3,2011
3KPQ,HLA-B*44:05,B44,9,EEYLKAWTF,NA,1.84,7,27,2009
7S7E,HLA-B*07:02,B07,9,LPASPAHQL,NA,2.04,7,2,2022
3IXA,HLA-A*02:01,A02,9,LLFGYPVYV,P150A,2.1,7,4,2010
6VB7,HLA-B*15:02,B62,9,TVRASGHSY,NA,2.1,7,2,2020
4NO5,HLA-A*02:01,A02,9,RQISQDVKL,NA,2.1,7,36,2014
5EU4,HLA-A*02:01,A02,9,YLAPGPVTA,NA,2.12,7,2,2016
1OF2,HLA-B*27:09,B27,9,RRKWRRWHL,NA,2.2,7,9,2004
7TLT,HLA-A*29:02,A01 A24,9,YFPLQSYGF,NA,2.3,7,61,2022
6VMC,HLA-A*02:01,A02,9,ILDQVPFSV,NA,2.85,7,2,2021
7F4W,HLA-A*24:02,A24,9,NYNYLYRLF,NA,2.9,7,43,2021
7S8R,HLA-A*11:01,A03,9,SALEWIKNK,NA,2.95,7,48,2022
7TUC,HLA-B*44:05,B44,9,EEFGRAFSF,C73T,1.25,7,24,2022
6JOZ,HLA-A*11:01,A03,9,ATIGTAMYK,NA,1.35,7,38,2020
3MRB,HLA-A*02:01,A02,9,NLVPMVHTV,NA,1.4,7,10,2011
7KGR,HLA-A*02:01,A02,9,LQLPQGTTL,NA,1.55,7,28,2021
5WMO,HLA-B*07:02,B07,9,RPPIFIRRL,NA,1.62,7,20,2018
3PWJ,HLA-A*02:01,A02,9,LLYGFVNYV,NA,1.7,7,12,2011
5EO0,HLA-B*07:02,B07,9,RPMTFKGAL,NA,1.7,7,8,2016
3LKO,HLA-B*35:01,B07,9,LPFDRTTIM,NA,1.8,7,12,2010
4HX1,HLA-A*68:02,A02,9,SVYDFFVWL,NA,1.8,7,12,2013
3C9N,HLA-B*15:01,B62,9,VQQESSFVM,NA,1.87,7,2,2008
3MRJ,HLA-A*02:01,A02,9,CINGMCWTV,NA,1.87,7,28,2011
3MYJ,HLA-A*02:01,A02,9,YMFPNAPYL,NA,1.89,7,39,2010
1T1Z,HLA-A*02:01,A02,9,ALYNTAAAL,NA,1.9,7,39,2005
6VB0,HLA-B*15:02,B62,9,ELRAREESY,NA,1.9,7,8,2020
7U21,HLA-A*02:01,A02,9,AVGSYVYSV,NA,1.9,7,10,2022
4U1I,HLA-B*81:01,B07,9,TPQDLNTML,D156L,1.92,7,46,2015
3MR9,HLA-A*02:01,A02,9,NLVPAVATV,NA,1.93,7,1,2011
7LGT,HLA-B*07:02,B07,9,SPKLHFYYL,NA,1.97,7,76,2021
7L1B,HLA-A*03:01,A03,9,AHHGGWTTK,NA,2.04,7,24,2022
7R7X,HLA-B*57:01,B58,9,QASQEVKNW,NA,2.1,7,6,2022
1E27,HLA-B*51:01,B07,9,LPPVVAKEI,NA,2.2,7,3,2000
1T20,HLA-A*02:01,A02,9,SLYNTIATL,NA,2.2,7,33,2005
3I6G,HLA-A*02:01,A02,9,GLMWLSYFV,NA,2.2,7,10,2010
1A1O,HLA-B*53:01,B07,9,KPIVQYDNF,P49A,2.3,7,30,1998
2X4R,HLA-A*02:01,A02,9,NLVPMVATV,NA,2.3,7,1,2010
3KPO,HLA-B*44:03,B44,9,EEYLKAWTF,NA,2.3,7,18,2009
5VGD,HLA-C*05:01,NA,9,SAEPVPLQL,NA,2.32,7,25,2017
4NQV,HLA-A*01:01,A01,9,CTELKLSDY,NA,2.39,7,1,2013
1QQD,HLA-C*04:01,NA,9,QYDDAVYKL,NA,2.7,7,51,1999
6UK4,HLA-A*02:06,A02,9,KQWLVWLFL,NA,2.7,7,20,2020
5W69,HLA-C*06:02,NA,9,ARFNDLRFV,NA,2.8,7,37,2017
6MT3,HLA-B*18:01,B44,9,FEDLRVLSF,NA,1.21,7,50,2019
7KGQ,HLA-A*02:01,A02,9,LLLDRLNQL,NA,1.34,7,63,2021
6VB2,HLA-B*15:02,B62,9,ELRARQECY,NA,1.41,7,8,2020
6Q3K,HLA-A*02:01,A02,9,NLVPMVATV,"C84Y,C139A",1.5,7,1,2019
6MT5,HLA-B*37:01,B44,9,FEDLRLLSF,NA,1.55,7,7,2019
5VWH,HLA-B*58:01,B58,9,LSSPVTKSW,NA,1.65,7,6,2018
3KYO,HLA-G*01:01,NA,9,KLPAQFYIL,NA,1.7,7,9,2010
3L3I,HLA-B*44:02,B44,9,EEFGRAASF,NA,1.7,7,5,2010
7SIF,HLA-B*35:05,B07,9,NPDIVIYQY,NA,1.73,7,17,2022
3L3D,HLA-B*44:02,B44,9,EEAGRAFSF,NA,1.8,7,10,2010
3X12,HLA-B*57:01,B58,9,LSSPVTKSF,N80I,1.8,7,6,2014
1TVH,HLA-A*02:01,A02,9,IMDQVPFSV,NA,1.8,7,15,2005
5ENW,HLA-A*02:01,A02,9,GLKEGIPAL,NA,1.85,7,41,2016
5HHP,HLA-A*02:01,A02,9,GILEFVFTL,NA,1.9,7,52,2016
6D2T,HLA-B*57:01,B58,9,LALLTGVRW,NA,1.9,7,44,2018
7L1C,HLA-A*03:01,A03,9,ALHGGWTTK,NA,1.96,7,67,2022
3UPR,HLA-B*57:01,B58,9,HSITYLLPV,NA,2.0,7,68,2012
5WSH,HLA-A*02:01,A02,9,GVWIRTPTA,NA,2.0,7,42,2017
5HHN,HLA-A*02:01,A02,9,GILGLVFTL,NA,2.03,7,26,2016
4U1L,HLA-B*81:01,B07,9,RPQVPLRPM,NA,2.06,7,2,2015
6SSA,HLA-A*02:01,A02,9,LLWNGPMQV,NA,2.11,7,4,2020
1I7R,HLA-A*02:01,A02,9,FAPGFFPYL,NA,2.2,7,46,2001
1S9W,HLA-A*02:01,A02,9,SLLMWITQC,NA,2.2,7,1,2004
1EEY,HLA-A*02:01,A02,9,ILSALVGIV,NA,2.25,7,36,2003
1W0V,HLA-B*27:05,B27,9,RRLPIFSRL,NA,2.27,7,24,2005
7LG0,HLA-B*07:02,B07,9,SPRWYFYYL,NA,2.3,7,21,2021
7N6D,HLA-A*02:01,A02,9,YLQPRTFLL,NA,2.3,7,18,2021
6UZQ,HLA-B*15:01,B62,9,TVRASGHSY,NA,2.4,7,2,2020
6ID4,HLA-A*11:01,A03,9,AIFQSSMTK,NA,2.4,7,23,2019
1A9E,HLA-B*35:01,B07,9,LPPLDITPY,NA,2.5,7,3,1998
3BVN,HLA-B*14:02,B27,9,RRRWRRLTV,NA,2.55,7,3,2009
4L3C,HLA-A*02:01,A02,9,YLLMWITQV,NA,2.64,7,1,2013
7R7W,HLA-B*53:01,B07,9,QATQEVKNW,NA,1.17,7,7,2022
3D25,HLA-A*02:01,A02,9,VLHDDLLEA,NA,1.3,7,1,2009
6MT6,HLA-B*37:01,B44,9,FEDLRVLSF,NA,1.31,7,7,2019
7WKJ,HLA-A*11:01,A03,9,KTFPPTEPK,NA,1.5,7,15,2022
6MT4,HLA-B*37:01,B44,9,FEDLRVSSF,NA,1.55,7,7,2019
4U1H,HLA-B*07:02,B07,9,TPQDLNTML,NA,1.59,7,8,2015
3PWN,HLA-A*02:01,A02,9,LLYGFVNYI,NA,1.6,7,12,2011
5NMK,HLA-A*02:01,A02,9,SLFNTIAVL,NA,1.66,7,23,2017
3QFD,HLA-A*02:01,A02,9,AAGIGILTV,NA,1.68,7,8,2011
5TXS,HLA-B*15:01,B62,9,AQDIYRASY,NA,1.7,7,35,2017
1SYV,HLA-B*44:05,B44,9,EEFGRAFSF,NA,1.7,7,17,2004
3D18,HLA-B*27:09,B27,9,RRRWRRLTL,NA,1.74,7,11,2009
2CIK,HLA-B*35:01,B07,9,KPIVVLHGY,NA,1.75,7,2,2006
5MEO,HLA-A*02:01,A02,9,ILGKFLHRL,NA,1.77,7,22,2016
3LKQ,HLA-B*35:01,B07,9,LPFDKTTIM,NA,1.8,7,12,2010
5VWD,HLA-B*57:03,B58,9,LTVQVARVW,NA,1.8,7,1,2018
5VWF,HLA-B*57:03,B58,9,LTVQVARVY,NA,1.8,7,38,2018
7U1R,HLA-A*02:01,A02,9,RLNEVANNL,NA,1.8,7,69,2023
4NT6,HLA-C*08:01,NA,9,GILGFVFTL,M1G,1.84,7,19,2014
3REW,HLA-A*02:01,A02,9,CLGGLLTMV,NA,1.9,7,13,2012
7XF3,HLA-B*15:01,B62,9,ALIGASICF,NA,1.91,7,2,2023
3LV3,HLA-B*27:05,B27,9,SRRWRRWNR,NA,1.94,7,18,2010
3LKR,HLA-B*35:01,B07,9,LPFERATVM,NA,2.0,7,13,2010
7NUI,HLA-B*08:32,B08,9,ELRSRYWAI,M45T,2.0,7,3,2021
6GH1,HLA-E*01:03,NA,9,RLPAKAPLL,NA,2.1,7,29,2018
1W0W,HLA-B*27:09,B27,9,RRLPIFSRL,NA,2.1,7,53,2005
1S9Y,HLA-A*02:01,A02,9,SLLMWITQS,NA,2.3,7,1,2004
3V5K,HLA-A*02:01,A02,9,KVAELVWFL,NA,2.31,7,9,2012
3MRH,HLA-A*02:01,A02,9,CISGVCWTV,NA,2.4,7,10,2011
3MRL,HLA-A*02:01,A02,9,CINGVVWTV,NA,2.41,7,1,2011
1B0G,HLA-A*02:01,A02,9,ALWGFFPVL,NA,2.5,7,5,1998
1HHI,HLA-A*02:01,A02,9,GILGFVFTL,NA,2.5,7,9,1993
2DYP,HLA-G*01:01,NA,9,RIIPRHLQL,"L110I,Q115R",2.5,7,1,2006
6SS7,HLA-A*02:01,A02,9,LLWAGPMAV,NA,2.5,7,4,2020
7RK7,HLA-A*02:01,A02,9,YMDGTMSQV,NA,2.54,7,19,2022
1MHE,HLA-E*01:01,NA,9,VMAPRTVLL,NA,2.85,7,10,1999
7R7Y,HLA-B*57:01,B58,9,QATQEVKNW,NA,1.6,7,7,2022
3V5H,HLA-A*02:01,A02,9,KVAEIVHFL,NA,1.63,7,39,2012
7MJA,HLA-A*24:02,A24,9,QYNPIRTTF,NA,1.69,7,3,2021
7EJM,HLA-A*24:02,A24,9,TYIKWPWWV,NA,1.71,7,34,2022
7MJ9,HLA-A*02:01,A02,9,LLLPRLPPL,NA,1.75,7,54,2021
4I4W,HLA-A*02:01,A02,9,ILAKFLHRL,NA,1.77,7,22,2013
6OPD,HLA-A*02:01,A02,9,ILNAMIVKI,NA,1.79,7,5,2019
7S8F,HLA-B*07:02,B07,9,EPRSPSHSM,NA,1.8,7,49,2022
5FA3,HLA-A*02:01,A02,9,GLLPELPAV,NA,1.86,7,23,2016
4NNY,HLA-A*02:01,A02,9,RQASLSISV,NA,1.9,7,3,2014
5EU3,HLA-A*02:01,A02,9,YLEPGPVTA,NA,1.97,7,65,2016
4NQX,HLA-A*01:01,A01,9,CTELKLNDY,NA,2.0,7,1,2013
5VVP,HLA-B*57:03,B58,9,LSSPVTKSW,NA,2.0,7,53,2018
2AV7,HLA-A*02:01,A02,9,LLFGYPVYV,A66K,2.05,7,26,2005
6UZP,HLA-B*15:01,B62,9,HLASSGHSL,NA,2.08,7,2,2020
1JGE,HLA-B*27:05,B27,9,GRFAAAIAK,NA,2.1,7,6,2002
2BST,HLA-B*27:05,B27,9,SRYWAIRTR,NA,2.1,7,70,2005
3L3G,HLA-B*44:02,B44,9,EEFGAAFSF,NA,2.1,7,18,2010
3MRI,HLA-A*02:01,A02,9,CINMWCWTV,NA,2.1,7,3,2011
4HWZ,HLA-A*68:01,A03,9,AIFQSSMTK,NA,2.4,7,42,2013
1S9X,HLA-A*02:01,A02,9,SLLMWITQA,NA,2.5,7,1,2004
3TO2,HLA-A*02:01,A02,9,LACFVLAAV,NA,2.6,7,16,2012
6SS9,HLA-A*02:01,A02,9,LLWNGPMHV,NA,2.7,7,4,2020
5INC,HLA-B*58:01,B58,9,QATQEVKNW,NA,2.88,7,60,2016
4U1M,HLA-B*42:01,B07,9,RPQVPLRPM,NA,1.18,7,35,2015
3MRG,HLA-A*02:01,A02,9,CINGVCWTV,NA,1.3,7,5,2011
3MRK,HLA-A*02:01,A02,9,PLFQVPEPV,NA,1.4,7,23,2011
6J2A,HLA-A*30:03,A01,9,CTELKLSDY,NA,1.4,7,10,2019
6PYJ,HLA-B*27:05,B27,9,LRNQSVFNF,NA,1.44,7,19,2019
7M8T,HLA-A*11:01,A03,9,NSASFSTFK,NA,1.5,7,9,2021
6J1W,HLA-A*30:01,A01 A03,9,AIFQSSMTK,NA,1.5,7,32,2019
6PZ5,HLA-B*27:03,B27,9,LRNQSVFNF,NA,1.53,7,19,2019
7R7V,HLA-B*53:01,B07,9,QASQEVKNW,NA,1.6,7,6,2022
2GIT,HLA-A*02:01,A02,9,LLFGKPVYV,NA,1.7,7,26,2006
1UXW,HLA-B*27:09,B27,9,RRRWRRLTV,NA,1.71,7,11,2004
6UZM,HLA-B*15:02,B62,9,HLASSGHSL,NA,1.8,7,2,2020
5VUE,HLA-B*57:01,B58,9,LTVQVARVW,NA,1.8,7,72,2018
3GSW,HLA-A*02:01,A02,9,NLVPMVAAV,NA,1.81,7,1,2009
3H7B,HLA-A*02:01,A02,9,MLWGYLQYV,NA,1.88,7,73,2010
3KPP,HLA-B*44:05,B44,9,EEYLQAFTY,NA,1.9,7,3,2009
4E5X,HLA-A*02:01,A02,9,LLFGYPVYV,NA,1.95,7,13,2012
7MJ6,HLA-A*02:01,A02,9,LLLPLLPPL,NA,1.95,7,5,2021
7UC5,HLA-A*03:01,A03,9,ILRGSVAHK,NA,1.95,7,28,2022
7SU9,HLA-C*05:01,NA,9,GADGVGKSL,NA,1.99,7,45,2022
3X14,HLA-B*08:52,B08,9,FLRGRAYGL,L81A,2.0,7,7,2014
4K7F,HLA-A*02:01,A02,9,VCWGELMNL,NA,2.0,7,4,2013
6VB3,HLA-B*15:01,B62,9,TVAASGHSY,NA,2.0,7,2,2020
6ULN,HLA-C*08:02,NA,9,GADGVGKSA,NA,2.01,7,45,2020
1HSA,HLA-B*27:05,B27,9,ARAAAAAAA,NA,2.1,7,16,1992
1JHT,HLA-A*02:01,A02,9,ALGIGILTV,NA,2.15,7,71,2001
6GH4,HLA-E*01:03,NA,9,RQPAKAPLL,NA,2.16,7,25,2018
1I1Y,HLA-A*02:01,A02,9,YLKEPVHGV,NA,2.2,7,31,2000
6O9B,HLA-A*03:01,A03,9,TTAPSLSGK,NA,2.2,7,2,2019
5MEQ,HLA-A*02:01,A02,9,ILAKFLHTL,NA,2.27,7,1,2016
1EEZ,HLA-A*02:01,A02,9,ILSALVGIL,NA,2.3,7,5,2003
6VM7,HLA-A*02:01,A02,9,ITDQVPFSV,NA,2.41,7,15,2021
2RFX,HLA-B*57:01,B58,9,LSSPVTKSF,NA,2.5,7,6,2008
3BZE,HLA-E*01:01,NA,9,VMAPRTLFL,NA,2.5,7,28,2008
6UJQ,HLA-A*02:06,A02,9,KQWLVWLLL,NA,2.55,7,20,2020
1CG9,HLA-B*35:01,B07,9,LPPLDITPY,F13S,2.7,7,50,2003
5MEP,HLA-A*02:01,A02,9,ILGKFLHWL,NA,2.71,7,30,2016
1I7T,HLA-A*02:01,A02,9,ALWGVFPVL,NA,2.8,7,14,2001
2BVP,HLA-B*57:03,B58,9,ISPRTLDAW,NA,1.35,7,16,2005
6PYV,HLA-B*27:03,B27,9,LRNQSVFNF,G47P,1.45,7,19,2019
7JYV,HLA-A*24:02,A24,9,YFSPIRVTF,NA,1.51,7,17,2021
5EU5,HLA-A*02:01,A02,9,YLEPAPVTA,NA,1.54,7,48,2016
3KPM,HLA-B*44:02,B44,9,EEYLKAWTF,NA,1.6,7,32,2009
5DEF,HLA-B*27:04,B27,9,RRKWRRWHL,NA,1.6,7,9,2015
5WMN,HLA-B*07:02,B07,9,SPIVPSFDM,NA,1.82,7,2,2018
5EO1,HLA-B*07:02,B07,9,RPMTYKGAL,NA,1.85,7,8,2016
3GSV,HLA-A*02:01,A02,9,NLVPQVATV,NA,1.9,7,1,2009
6PTE,HLA-A*02:01,A02,9,ILNAMITKI,NA,1.9,7,5,2019
3KPL,HLA-B*44:02,B44,9,EEYLQAFTY,NA,1.96,7,3,2009
3KPN,HLA-B*44:03,B44,9,EEYLQAFTY,NA,2.0,7,3,2009
3RL1,HLA-A*03:01,A03,9,AIFQSSMTK,NA,2.0,7,4,2012
5SWQ,HLA-A*02:01,A02,9,CVNGSCFTV,NA,2.0,7,57,2016
7EJN,HLA-A*24:02,A24,9,MYVKWPWYV,NA,2.11,7,34,2022
3GSQ,HLA-A*02:01,A02,9,NLVPSVATV,NA,2.12,7,1,2009
7KGO,HLA-A*02:01,A02,9,ILLNKHIDA,NA,2.15,7,1,2021
1QEW,HLA-A*02:01,A02,9,FLWGPRALV,NA,2.2,7,11,2003
7MLE,HLA-A*03:01,A03,9,VVRPSVASK,NA,2.2,7,33,2022
1XR8,HLA-B*15:01,B62,9,LEKARGSTY,NA,2.3,7,33,2005
2X4O,HLA-A*02:01,A02,9,KLTPLCVTL,NA,2.3,7,37,2010
6UZO,HLA-B*15:02,B62,9,HLASSGHSY,NA,2.35,7,2,2020
5IM7,HLA-B*58:01,B58,9,QASQEVKNW,NA,2.5,7,7,2016
1I1F,HLA-A*02:01,A02,9,FLKEPVHGV,NA,2.8,7,31,2000
1KPR,HLA-E*01:03,NA,9,VMAPRTVLL,NA,2.8,7,29,2003
2BCK,HLA-A*24:02,A24,9,VYGFVRACL,NA,2.8,7,47,2006
7RE8,HLA-A*02:01,A02,9,FMNKFIYEI,NA,2.82,7,5,2022
4U1J,HLA-B*42:01,B07,9,TPQDLNTML,NA,1.38,7,8,2015
3KLA,HLA-A*02:01,A02,9,SLLMWITQL,NA,1.65,7,1,2010
3PWL,HLA-A*02:01,A02,9,LGYGFVNYI,NA,1.65,7,9,2011
5XOS,HLA-B*35:01,B07,9,IPLTEEAEL,D34V,1.7,7,8,2017
5W6A,HLA-C*06:02,NA,9,ARTELYRSL,NA,1.74,7,51,2017
1I7U,HLA-A*02:01,A02,9,ALWGFVPVL,NA,1.8,7,5,2001
3LKP,HLA-B*35:01,B07,9,LPFDKSTIM,NA,1.8,7,21,2010
3LKS,HLA-B*35:01,B07,9,LPFEKSTVM,NA,1.9,7,21,2010
5VUF,HLA-B*57:01,B58,9,LTVQVARVY,NA,1.9,7,40,2018
6UZS,HLA-B*15:01,B62,9,HLASSGHSY,NA,1.9,7,49,2020
7LFZ,HLA-B*07:02,B07,9,IPRRNVATL,NA,1.9,7,22,2021
2AV1,HLA-A*02:01,A02,9,LLFGYPVYV,"Q63E,A66K",1.95,7,12,2005
1T1Y,HLA-A*02:01,A02,9,SLYNVVATL,NA,2.0,7,5,2005
5U98,HLA-B*57:01,B58,9,VTTDIQVKV,NA,2.0,7,16,2017
5VUD,HLA-B*57:01,B58,9,LSSPVTKSW,NA,2.0,7,6,2018
7P3E,HLA-A*02:01,A02,9,YLQLRTFLL,NA,2.0,7,37,2021
8ERX,HLA-A*03:05,A03,9,AIFQSSMTK,"W107G,K127N,T142I,H145R",2.07,7,4,2023
5HHQ,HLA-A*02:01,A02,9,GIWGFVFTL,NA,2.1,7,4,2016
5IND,HLA-B*58:01,B58,9,QASQDVKNW,NA,2.13,7,7,2016
1A1M,HLA-B*53:01,B07,9,TPYDINQML,P49A,2.3,7,66,1998
7LG3,HLA-A*02:01,A02,9,KLWAQCVQL,NA,2.3,7,13,2021
3I6L,HLA-A*24:02,A24,9,QFKDNVILL,NA,2.4,7,30,2010
1HHG,HLA-A*02:01,A02,9,TLTSCNTSV,NA,2.6,7,22,1993
2XPG,HLA-A*03:01,A03,9,KLIETYFSK,NA,2.6,7,9,2011
6Z9W,HLA-A*02:01,A02,9,LLGWVFAQV,NA,2.7,7,43,2021
6GGM,HLA-E*01:03,NA,9,RFPAKAPLL,NA,2.73,7,1,2018
4I48,HLA-A*68:02,A02,9,TLTSCNTSV,NA,2.8,7,17,2013
7N1B,HLA-A*02:01,A02,9,RLQSLQTYV,NA,2.81,7,20,2021
7JYW,HLA-A*24:02,A24,9,TYQWIIRNW,NA,2.9,7,47,2021
8EB2,HLA-A*02:01,A02,9,SLLMWITQV,NA,2.9,7,1,2022
6MTL,HLA-B*44:05,B44,9,FEDLRVLSF,NA,1.35,7,21,2019
7M8U,HLA-B*35:01,B07,9,IPFAMQMAY,NA,1.45,7,13,2021
6O4Z,HLA-A*02:01,A02,9,KLVVVAVGV,NA,1.5,7,1,2020
6O4Y,HLA-A*02:01,A02,9,KLVVGAVGV,NA,1.58,7,1,2020
1M6O,HLA-B*44:02,B44,9,EEFGRAFSF,NA,1.6,7,27,2003
6J29,HLA-A*30:03,A01,9,QIMYNYPAM,NA,1.6,7,29,2019
1N2R,HLA-B*44:03,B44,9,EEFGRAFSF,NA,1.7,7,24,2004
4U1N,HLA-B*42:02,Unclassified B,9,RPQVPLRPM,NA,1.77,7,35,2015
3BO8,HLA-A*01:01,A01,9,EADPTGHSY,NA,1.8,7,18,2008
5IEK,HLA-B*40:02,B44,9,REFSKEPEL,NA,1.8,7,4,2016
3BP4,HLA-B*27:05,B27,9,IRAAPPPLF,NA,1.85,7,2,2008
7EJL,HLA-A*24:02,A24,9,QYIKWPWYI,NA,1.89,7,34,2022
1YDP,HLA-G*01:01,NA,9,RIIPRHLQL,NA,1.9,7,25,2005
7SIS,HLA-A*02:01,A02,9,VLNDILSRL,NA,1.9,7,40,2022
3FQW,HLA-A*02:01,A02,9,RVASPTSGV,NA,1.93,7,2,2009
3H9H,HLA-A*02:01,A02,9,MLWGYLQYV,P150A,2.0,7,4,2010
3HPJ,HLA-A*02:01,A02,9,RMFPNAPYL,NA,2.0,7,1,2010
3LKN,HLA-B*35:01,B07,9,LPFERATIM,NA,2.0,7,26,2010
6J1V,HLA-A*30:03,A01,9,AIFQSSMTK,NA,2.0,7,52,2019
7P49,HLA-E*01:03,NA,9,RMAATAQVL,NA,2.05,7,25,2022
3GSX,HLA-A*02:01,A02,9,NLVPMVAVV,NA,2.1,7,1,2009
6PTB,HLA-A*02:01,A02,9,ILNAMIAKI,NA,2.15,7,5,2019
6XQA,HLA-A*24:02,A24,9,TYQWVLKNL,NA,2.16,7,3,2021
1S8D,HLA-A*02:01,A02,9,SLANTVATL,NA,2.2,7,5,2005
1T1X,HLA-A*02:01,A02,9,SLYLTVATL,NA,2.2,7,36,2005
3MRF,HLA-A*02:01,A02,9,GLCPLVAML,NA,2.3,7,59,2011
6VR1,HLA-A*02:01,A02,9,HMTEVVRRC,NA,2.37,7,14,2020
6VR5,HLA-A*02:01,A02,9,HMTEVVRHC,NA,2.38,7,14,2020
1SYS,HLA-B*44:03,B44,9,EEPTVIKKY,NA,2.4,7,58,2004
3KYN,HLA-G*01:01,NA,9,KGPPAALTL,NA,2.4,7,29,2010
6O9C,HLA-A*03:01,A03,9,TTAPFLSGK,NA,2.45,7,2,2019
3BZF,HLA-E*01:01,NA,9,VMAPRALLL,NA,2.5,7,54,2008
6GHN,HLA-E*01:03,NA,9,RLPAKAPLF,NA,2.54,7,1,2018
3L3K,HLA-B*44:02,B44,9,EEFGAAASF,NA,2.6,7,11,2010
6GL1,HLA-E*01:03,NA,9,RMYSPTSIL,NA,2.62,7,7,2018
7EU2,HLA-A*02:01,A02,9,KIADYNYKL,NA,2.8,7,9,2021
2CLR-9,HLA-A*02:01,A02,9,MLLSVPLLL,NA,2.0,7,13,1995
3GIV-9,HLA-A*02:01,A02,9,SLFNTVATL,NA,2.0,7,4,2009
3SKO,HLA-B*08:05,Unclassified B,9,FLRGRAYGL,A66T,1.6,7,3,2012
4QRT,HLA-B*08:01,B08,9,ELNRKMIYM,NA,1.4,7,3,2014
4QRU,HLA-B*08:01,B08,9,ELRRKMMYM,NA,1.6,7,7,2015
5F7D-9,HLA-A*02:01,A02,9,GLKEGIPAL,NA,2.3,7,41,2016
5T6W-9,HLA-B*57:01,B58,9,STRGISQLW,NA,1.9,7,32,2017
5T6X-9,HLA-B*57:01,B58,9,STTSVASSW,NA,1.69,7,16,2017
5V5L-9,HLA-B*58:01,B58,9,STLQEQIGW,NA,2.0,7,27,2017
5V5M-9,HLA-B*57:01,B58,9,STLQEQIGW,NA,2.88,7,11,2017
6EI2-9,HLA-A*68:01,A03,9,ETSPLTAEK,NA,1.61,7,14,2017
